date,type,first_name,last_name
10/31/2021,x,Lilllie,Edmed
6/4/2021,x,Horst,Larmet
1/7/2022,y,Walther,Philippsohn
8/22/2021,y,Happy,Wight
12/22/2021,y,Mariann,Sherebrook
10/17/2021,x,Saree,Siemons
10/2/2021,y,Sandor,Skep
6/3/2021,x,Starla,Blaisdell
12/28/2021,x,Quintin,Currey
10/26/2021,y,Julie,Arnholz
6/7/2021,x,Clarey,Rainbow
6/19/2021,x,Roanna,Creboe
8/14/2021,x,Carce,Choudhury
10/13/2021,x,Clerkclaude,Mounce
9/27/2021,y,Tuckie,Strognell
2/15/2021,x,Barb,Fullman
11/26/2021,y,Darren,Camolli
7/18/2021,x,Saba,Bestman
11/22/2021,x,Rainer,Bruyett
10/29/2021,y,Shina,Spicer
1/14/2022,y,Issi,Menear
6/6/2021,x,Pennie,Ziemen
3/11/2021,x,Dominick,Gleave
8/10/2021,y,Clementine,Memory
11/19/2021,y,Jerrylee,Mallalieu
5/30/2021,y,Dallas,Dabbes
9/3/2021,y,Dorice,Yitzowitz
1/2/2022,x,Lin,Guerro
9/10/2021,y,Torrance,Sambrok
6/13/2021,x,Veradis,Eldredge
11/13/2021,x,Ransell,Offield
6/20/2021,y,Aleece,Wingham
1/19/2022,x,Cthrine,Gostick
10/17/2021,y,Malchy,Agastina
1/25/2022,x,Ailina,Spender
12/19/2021,y,Hilliard,Grimston
8/7/2021,x,Broddy,Hugh
12/4/2021,y,Lucita,VanBrugh
11/16/2021,y,Paxton,Fromont
1/22/2022,x,Gonzales,Sword
2/3/2022,x,Tess,Berney
12/8/2021,y,Davon,Levesque
9/19/2021,y,Eunice,Moorhead
6/2/2021,y,Harland,Diano
10/15/2021,y,Chelsea,Daws
3/23/2021,x,Tabbatha,Quernel
6/19/2021,y,Talyah,Scawen
8/23/2021,y,Vonnie,Pauer
1/19/2022,y,Chrystal,Tow
4/17/2021,x,Valle,Brownell
4/18/2021,x,Brody,Devil
3/19/2021,x,Melina,Vaszoly
5/14/2021,y,Ailsun,Eustice
9/29/2021,y,Glennie,Gyer
2/11/2021,y,Aldon,Karadzas
11/19/2021,y,Dot,Southerton
5/12/2021,y,Leonidas,Giorio
4/12/2021,x,Eadith,Andreasson
12/28/2021,x,Averell,Palmer
12/2/2021,y,Hall,Borsay
5/4/2021,y,Abe,Greeno
12/10/2021,x,Eldin,Mattusevich
2/19/2021,x,Zared,Larner
2/22/2021,x,Mandie,Clapham
10/31/2021,x,Enos,Aspinal
11/3/2021,x,Roshelle,Housiaux
8/12/2021,y,Jennee,Spinola
7/19/2021,y,Cyndy,McLucas
7/27/2021,x,Tadeo,Marchi
4/12/2021,y,Benedict,Gallagher
12/11/2021,x,Derick,Sayburn
7/5/2021,x,Dasha,Benton
4/1/2021,y,Chelsey,Oldale
5/4/2021,x,Clair,Beecraft
3/5/2021,y,Farah,Tomaello
12/26/2021,x,Herschel,Stanhope
1/27/2022,y,Janna,MacKeogh
12/4/2021,y,Brooke,Seawright
10/6/2021,x,Ax,Doag
6/11/2021,x,Vern,Garbar
4/9/2021,x,Kelila,Grieg
10/2/2021,y,Roberta,Self
9/11/2021,y,Eugenie,Beeson
9/12/2021,x,Celine,Forseith
11/14/2021,x,Atalanta,Marriot
10/1/2021,y,Bernette,Widdowes
7/30/2021,y,Angelita,Hearsum
8/8/2021,y,Prentiss,Daviddi
6/18/2021,x,Jolynn,Thacke
11/5/2021,y,Huntley,Silveston
3/14/2021,x,Madlin,Djorevic
2/17/2021,x,Ravid,Reymers
3/24/2021,x,Torrie,Bucky
12/10/2021,x,Grady,Lachaize
12/25/2021,x,Eydie,Durward
2/4/2022,x,Cirilo,Tourle
3/31/2021,x,Tandie,Toffetto
3/9/2021,y,Louisa,Conklin
2/14/2021,y,Norris,Pigny
6/20/2021,y,Layla,Martine
8/23/2021,x,Elisha,Reiach
10/12/2021,y,Austen,Maas
7/13/2021,x,Hollyanne,Scholz
1/18/2022,y,Meara,Faulkener
1/5/2022,x,Andres,Proby
9/14/2021,y,Gabriellia,Kenset
2/10/2021,x,Terra,Plaschke
8/22/2021,x,Anni,Pentony
3/26/2021,x,Heidi,Garner
1/5/2022,y,Oneida,Kirkhouse
10/22/2021,x,Candice,Malinson
7/12/2021,y,Stefano,Shermar
3/15/2021,y,Egor,Rachuig
9/25/2021,y,Carter,Aveling
10/15/2021,x,Hyacinthie,Beard
4/15/2021,x,Steffi,Veel
4/4/2021,x,Caddric,Phebee
10/20/2021,y,Bellanca,MacCrackan
7/20/2021,x,Darcy,Golsby
11/12/2021,x,Erinna,MacCoveney
3/28/2021,x,Roberta,Colston
5/12/2021,y,Tedmund,Gobourn
10/15/2021,y,Waring,Whilde
2/25/2021,x,Gawen,Theodoris
4/25/2021,y,Valery,Youhill
6/3/2021,x,Kit,Curley
8/9/2021,y,Wilden,Blamire
4/16/2021,x,Cass,Chesney
5/4/2021,x,Arline,Challicum
4/10/2021,x,Madelene,Thorpe
9/24/2021,y,Ericha,Eaton
8/23/2021,x,Riane,Ropartz
2/5/2022,x,Jessie,MacClure
10/15/2021,x,Barrie,Ovey
1/29/2022,y,Aggie,Mathieu
12/14/2021,x,Jobi,Scholer
7/16/2021,x,Woodman,Farnell
11/2/2021,y,Kahaleel,Saket
5/26/2021,y,Janessa,Bawme
11/25/2021,y,Waldemar,McKeachie
7/10/2021,x,Lorant,Sulley
7/18/2021,x,Wallas,Broadberrie
7/21/2021,y,Lyon,Servis
10/12/2021,y,Frankie,Rex
12/27/2021,y,Rudiger,Kybert
7/20/2021,x,Mathe,Davison
3/16/2021,x,Chad,Boak
10/24/2021,x,Nicoli,Chettle
12/19/2021,y,Aldon,Staddom
4/20/2021,y,Vitoria,Keary
9/21/2021,y,Keary,Massy
11/18/2021,y,Alaric,Boays
7/25/2021,x,Hieronymus,Steeden
7/1/2021,x,Ashlie,Shulem
5/26/2021,x,Jackson,Schuster
3/20/2021,y,Bunni,Bahde
7/24/2021,x,Hurlee,Eddowes
5/25/2021,x,Thomasina,Shalliker
1/16/2022,y,Adolphus,Gawne
4/14/2021,y,Riccardo,Fey
11/9/2021,x,Christy,Loweth
5/23/2021,x,Emilia,Mudie
3/21/2021,x,Melesa,Pattington
3/16/2021,x,Felipe,Rosenau
4/30/2021,y,Raquela,Ferrer
2/20/2021,x,Mollie,Bowstead
3/4/2021,y,Ethelin,Bakesef
3/29/2021,x,Davidde,Mallan
8/24/2021,y,Nelia,Chastanet
5/22/2021,x,Leontine,Ida
4/17/2021,y,Willamina,Whitwell
4/1/2021,x,Lela,Cleyne
1/4/2022,y,Obadiah,Kitchingman
10/20/2021,x,Osmond,Duffree
9/29/2021,x,Sherie,Rodenburg
8/22/2021,x,Rani,Pountney
3/26/2021,y,Mikey,Lancetter
8/4/2021,x,Aubert,Severs
9/2/2021,y,Shae,Lindbergh
6/26/2021,y,Brose,Rawlison
8/10/2021,x,Donetta,Greest
11/24/2021,y,Porty,Carlino
6/7/2021,x,Tedra,Bagwell
10/20/2021,y,Tamqrah,Jacmard
7/11/2021,x,Liane,O' Hogan
9/26/2021,x,Valene,Gerritsma
8/15/2021,x,Debera,Guiton
5/6/2021,y,Muire,Layson
6/13/2021,y,Quentin,Cavill
9/8/2021,y,Wini,Spatari
7/31/2021,x,Care,Walthew
9/8/2021,y,Jobey,Spellecy
9/28/2021,y,Cull,Valerius
2/9/2021,x,Gussi,Colleck
11/13/2021,y,Sascha,Bartalin
5/18/2021,x,Willi,Barensen
7/17/2021,y,Valeria,Bouchard
2/26/2021,x,Alia,Innot
11/14/2021,x,Jyoti,Cudworth
5/20/2021,x,Lindi,Benda
4/12/2021,x,Jule,Peplaw
12/18/2021,x,Fulvia,McPaike
4/1/2021,x,Carlee,Tallis
8/21/2021,x,Alexa,Dietmar
6/3/2021,y,Isak,Snead
7/10/2021,y,Hanni,Wallett
7/29/2021,x,Oren,Peye
9/6/2021,x,Polly,Armand
7/13/2021,x,Glynis,Gregoratti
3/21/2021,x,Engelbert,Rustidge
11/2/2021,y,Sofia,Natt
6/20/2021,x,Lucretia,Kennan
10/20/2021,x,Isabella,Kamien
3/28/2021,y,Diandra,Poulgreen
4/21/2021,y,Cary,Lavin
4/8/2021,x,Vittoria,Scarbarrow
5/19/2021,x,Patton,Ashment
5/7/2021,y,Daryn,Eagell
1/30/2022,y,Sela,Ferrey
5/27/2021,x,Evangelia,Wickey
11/11/2021,y,Curry,Hellings
5/20/2021,y,Malia,Gyles
12/17/2021,x,Vale,Fearnsides
11/22/2021,x,Lyon,Pellingar
4/25/2021,y,Gram,Leinster
3/20/2021,x,Mattheus,Dagon
9/24/2021,x,Dillie,Stivers
5/20/2021,x,Ashlie,Pepperd
2/17/2021,y,Magda,Negri
5/11/2021,x,Devan,Martinets
1/31/2022,x,Elwin,Bellison
12/23/2021,x,Emlyn,Rylands
11/4/2021,x,Jennette,Gargett
2/21/2021,y,Karilynn,Burnel
2/7/2021,x,Gregorius,Celler
12/28/2021,y,Valentia,Shera
8/30/2021,x,Geraldine,Rogliero
3/8/2021,y,Persis,Tipens
10/9/2021,x,Neron,Stormouth
4/19/2021,y,Fabe,Ciani
9/1/2021,x,Wiatt,Menghi
9/26/2021,y,Ambrosio,Kliemann
5/16/2021,x,Melita,Deeks
4/21/2021,y,Tandy,Falco
5/14/2021,x,Mercie,Peatman
2/22/2021,x,Sena,Denzey
7/28/2021,y,Loni,Frankowski
5/1/2021,x,Mavra,MacAirt
1/30/2022,x,Egon,Ravel
10/28/2021,y,Kelley,Yesson
12/10/2021,y,Roch,Corkell
1/6/2022,y,Hansiain,Ingarfill
2/14/2021,y,Ceil,Crilley
10/24/2021,x,Kendell,Gatherer
4/3/2021,y,Cecilio,Gowen
8/5/2021,y,Suzann,MacMillan
3/15/2021,x,Etta,Orteau
3/27/2021,x,Federica,Kemshell
3/29/2021,x,Skipton,Manz
12/29/2021,x,Bondie,Ockendon
8/12/2021,x,Twyla,By
1/20/2022,y,Wernher,Pinches
3/31/2021,x,Matthew,Normabell
10/10/2021,x,Saidee,Mease
12/27/2021,x,Lise,Moline
11/8/2021,x,Letizia,Poate
6/9/2021,x,Con,Morrad
10/5/2021,y,Susan,Langelaan
3/23/2021,y,Marshal,Wynne
1/3/2022,x,Fay,Tomlett
6/19/2021,x,Ruperto,Castellucci
3/30/2021,x,Arlee,Lewisham
3/1/2021,x,Janaya,Larvent
11/12/2021,y,Bernardine,Quarles
12/11/2021,x,Dotty,Kieran
2/15/2021,y,Nealon,Rappport
5/6/2021,x,Teodor,Tinsey
10/6/2021,x,Reuven,Jerome
6/12/2021,y,Gerladina,Tree
7/15/2021,x,Merrili,Ramshaw
12/21/2021,x,Dorice,Luscott
9/16/2021,y,Corney,Rose
2/6/2022,y,Casi,Sewall
8/30/2021,y,Cullen,Cann
4/29/2021,x,Ryun,O'Sherin
4/5/2021,x,Humfrey,Ivanyukov
8/4/2021,y,Gearalt,Sherratt
8/25/2021,x,Madelina,Abrashkov
5/1/2021,x,Rafi,Gilffillan
6/6/2021,y,Worth,Minichillo
9/11/2021,x,Jenna,Kime
11/4/2021,y,Katheryn,Fairhead
11/27/2021,x,Simone,Filipczak
5/20/2021,x,Dierdre,Melley
8/19/2021,y,Nikolas,Hanmer
6/26/2021,y,Laure,Gingedale
7/6/2021,y,Rolfe,Tolman
11/13/2021,y,Roz,Shorten
9/21/2021,x,Rodd,Wyre
6/11/2021,y,Janna,Shuter
9/6/2021,x,Flynn,Hindes
9/12/2021,y,Constantine,Willis
12/12/2021,y,Nannie,Ohms
3/11/2021,x,Hewet,Gyorgy
7/21/2021,y,Maurise,Cometti
12/7/2021,y,Constantin,Heardman
3/11/2021,y,Winonah,Sawter
1/10/2022,y,Tiff,Trevna
9/17/2021,x,Tab,Spring
1/13/2022,x,Nicki,Huckstepp
6/1/2021,y,Jacobo,Gronaller
5/3/2021,x,Marinna,Lush
3/30/2021,y,Konrad,Wotherspoon
1/7/2022,y,Tedi,Aiskovitch
9/24/2021,x,Tyson,Deam
7/8/2021,x,Olva,Fane
9/14/2021,y,Teirtza,Earland
2/17/2021,y,Don,Haig
4/16/2021,y,Fidelia,Blazek
5/18/2021,y,Geralda,Folcarelli
1/17/2022,y,Gleda,Hollebon
8/31/2021,y,Kelsi,Sebley
4/25/2021,x,Coretta,Bebbell
9/19/2021,x,Theodora,Cunniam
1/7/2022,x,Pearline,Jouannot
4/19/2021,x,Stevana,Blacksland
8/21/2021,y,Tiphani,Rosewall
6/18/2021,x,Lemmie,Carlton
7/15/2021,x,Tedmund,Beedon
9/12/2021,x,Pepe,Cockley
3/25/2021,y,Abigail,Blenkharn
7/25/2021,y,Rena,Gheeorghie
1/15/2022,x,Keefe,Skellorne
8/22/2021,x,Joli,Yurocjkin
1/14/2022,x,Nicki,Newhouse
11/6/2021,y,Stanislaus,Klaaasen
8/29/2021,x,Martica,Barnhill
6/30/2021,x,Alessandro,Jenicek
11/16/2021,x,Elizabeth,Butteris
4/11/2021,y,Mira,Danelet
11/27/2021,x,Arabel,Realph
10/31/2021,y,Donovan,Voyce
6/22/2021,x,Vanny,Cleobury
7/6/2021,y,Elisabet,Pietersen
4/3/2021,x,Bret,Heatly
9/22/2021,y,Daphene,Mesant
11/20/2021,x,Maurizia,Zelland
3/5/2021,x,Kippar,Camocke
9/1/2021,y,Angie,Vize
1/5/2022,x,Abner,Mesias
7/10/2021,x,Osmond,Filtness
10/21/2021,x,Alexi,Arstingall
5/30/2021,x,Nevin,Toe
6/1/2021,x,Alister,Swanton
12/9/2021,y,Rani,Thrower
9/29/2021,y,Aridatha,McPhelimey
6/21/2021,x,Shepperd,Witt
7/12/2021,y,Paul,Pidduck
10/1/2021,y,Derward,Kedward
8/27/2021,y,Ross,Amorine
5/11/2021,y,Ferne,Checci
10/11/2021,x,Portia,Nerne
2/19/2021,x,Blondy,Baston
10/18/2021,y,Tommy,Assante
3/15/2021,y,Hedvig,Bambrough
7/2/2021,x,Travus,Meatyard
4/25/2021,x,Shalna,Peffer
12/6/2021,y,Ennis,Wilkennson
2/13/2021,y,Sharai,Antill
11/24/2021,y,Ambrosio,Shoemark
12/13/2021,y,Aline,Paulich
5/9/2021,x,Gail,Bruno
5/25/2021,y,Lyon,Dinan
8/13/2021,x,Lisbeth,Benninger
7/23/2021,y,Myer,Mayho
5/10/2021,x,Flo,Vallentine
4/12/2021,x,Nat,Heckle
5/9/2021,y,Tamas,Mallabund
6/2/2021,x,Sheilakathryn,Bragginton
1/24/2022,x,Calvin,Cristofaro
8/21/2021,y,Cookie,Boldt
4/18/2021,y,Eldin,Cannavan
9/27/2021,x,Margeaux,Blaszkiewicz
12/21/2021,x,Kaspar,Dabling
5/21/2021,x,Wallie,Strongman
10/20/2021,y,Richart,Christoffels
4/17/2021,x,Leigh,Lermit
1/5/2022,x,Meghann,Beazey
8/7/2021,y,Clarita,Gillam
3/7/2021,y,Callida,Spenclay
11/7/2021,y,Marleah,Wilkennson
7/31/2021,y,Cassie,Edmondson
5/10/2021,y,Valli,Blessed
8/3/2021,y,Christi,Blankley
1/7/2022,y,Ted,Jerrard
2/17/2021,x,Roosevelt,Gallimore
8/17/2021,x,Evangelina,Holtom
9/20/2021,x,Sella,Bewshaw
8/29/2021,y,Joaquin,Oene
4/30/2021,x,Dudley,Brock
11/18/2021,x,Kippie,Bridgeman
9/28/2021,x,Dino,Powers
5/5/2021,x,Shannon,Scurrell
11/4/2021,x,Tiffani,Clemanceau
3/14/2021,y,Nissy,Longshaw
9/23/2021,y,Weber,Castaignet
3/21/2021,x,May,Witherspoon
5/29/2021,x,Fidelity,Calver
6/18/2021,x,Hew,Bunyard
2/21/2021,x,Sanders,Petrasch
4/11/2021,y,Barnabas,Baudic
9/1/2021,y,Marybelle,Keri
7/21/2021,y,Linnet,Farden
12/5/2021,y,Sumner,Reicharz
5/13/2021,x,Ray,MacCard
2/17/2021,x,Celine,Mahoney
1/27/2022,x,Gizela,Oxbury
1/6/2022,y,Daryn,Dobell
5/10/2021,y,Bren,Roads
12/31/2021,y,Tresa,Canto
6/13/2021,x,Melitta,Castles
3/23/2021,y,Farr,Domenget
10/5/2021,y,Kaine,Baudains
7/8/2021,y,Debee,Attac
6/21/2021,y,Tori,Grover
3/7/2021,y,Stevena,Abrehart
5/23/2021,y,Jacquie,Tempest
8/15/2021,x,Henrieta,Kellett
12/29/2021,y,Goober,Wapol
7/25/2021,x,Linn,Weedenburg
5/23/2021,y,Tammy,Poskitt
6/5/2021,y,Myrwyn,Kryska
8/24/2021,y,Caldwell,Poulton
9/25/2021,x,Kalindi,Graffham
12/6/2021,x,Vale,Botger
4/20/2021,x,Robin,Aucock
11/23/2021,x,Ham,Lubbock
12/19/2021,x,Margie,Hinnerk
9/21/2021,x,Neils,Wardrope
5/29/2021,x,Nelle,Paulus
9/28/2021,x,Elvyn,Silver
11/27/2021,x,Emmett,Readman
11/30/2021,y,Lexy,Emlin
4/19/2021,x,Brody,McKew
11/28/2021,y,Mervin,Hark
2/22/2021,x,Charline,Daughton
11/7/2021,x,Trudy,Andresen
2/28/2021,x,Valera,Soutter
9/3/2021,y,Misti,Rawe
5/21/2021,x,Fayina,Chotty
10/9/2021,x,Ebonee,Royse
10/23/2021,x,Norene,Tulk
5/17/2021,x,Clay,McGaughay
11/14/2021,x,Ollie,Grigaut
3/13/2021,y,Abramo,Foyster
5/4/2021,y,Daron,McAdam
7/2/2021,x,Deidre,Selwood
2/1/2022,y,Towny,Eam
1/8/2022,y,Lilia,Radloff
11/17/2021,x,Kristine,Sherrard
7/2/2021,x,Dasha,Rabl
12/16/2021,y,Hollyanne,Burrows
9/30/2021,x,Maude,Demead
11/5/2021,y,Karola,Wormstone
2/14/2021,y,Susanna,Pipkin
5/15/2021,x,Tessy,Pembery
11/9/2021,x,Ania,Maudsley
1/25/2022,y,Francyne,Burstow
5/5/2021,x,Marrilee,Jirek
5/23/2021,y,Ludwig,McGurn
11/23/2021,y,Ly,MacKeague
6/29/2021,x,Juliana,Dossettor
3/17/2021,y,Licha,Grimstead
4/15/2021,x,Carmencita,Leece
8/25/2021,y,Max,Deex
1/12/2022,y,Latrena,Brameld
4/3/2021,y,Darrick,Stubbings
6/15/2021,y,Bryna,Durward
2/12/2021,y,Morgen,Dorsey
10/24/2021,x,Vyky,Odom
9/17/2021,y,Adler,Siddele
6/22/2021,x,Alida,Hallibone
6/24/2021,y,Valida,Bagnall
12/3/2021,x,Chelsea,Guillou
10/13/2021,x,Oona,McCaw
7/21/2021,x,Willa,Sarvar
12/16/2021,y,Marquita,Biagini
11/23/2021,x,Cherice,Boick
5/22/2021,x,Gunilla,Matten
12/26/2021,x,Bebe,Dubock
6/9/2021,x,Christye,Wrightson
6/25/2021,x,Merissa,Screase
12/26/2021,y,Normie,Prosch
7/4/2021,y,Trudey,Kennally
9/22/2021,x,Hamil,Ailward
4/6/2021,x,Harriot,Stancliffe
1/13/2022,y,Bartel,Godbehere
12/9/2021,x,Germayne,Wanklin
7/28/2021,x,Glen,Puzey
9/16/2021,x,Marion,Grimmett
5/19/2021,y,Francisca,Skerm
10/7/2021,x,Burk,Deane
11/16/2021,y,See,Bunten
4/7/2021,y,Ethyl,Lipyeat
11/13/2021,y,Sharla,Myers
10/15/2021,y,Ebba,Clampin
10/7/2021,x,Karalee,Stummeyer
12/26/2021,y,Suzie,Morrieson
7/12/2021,x,Nevil,Rowston
2/26/2021,y,Aretha,Guilloud
8/28/2021,y,Spenser,Rimes
11/3/2021,y,Elinore,Ranald
12/29/2021,x,Denys,Fuster
9/13/2021,y,Kassandra,Hawtin
8/15/2021,x,Corrina,Paff
8/12/2021,x,Twila,Gonnely
5/30/2021,y,Harald,Maultby
11/11/2021,y,Rahal,Brake
10/30/2021,y,Gaylene,Pawlata
9/8/2021,y,Cassandre,Pyott
7/5/2021,y,Dacy,Connett
7/5/2021,x,Alisha,Sayburn
7/7/2021,x,Gwyn,Grigoire
8/3/2021,y,Quent,Maggiori
5/2/2021,x,Somerset,Hefferon
12/29/2021,y,Gretta,Fforde
11/11/2021,x,Em,Rattrie
1/3/2022,y,Kristina,Harpin
5/18/2021,x,Palm,Blowers
1/5/2022,y,Ricoriki,Faull
12/3/2021,y,Nevin,Sacks
7/12/2021,x,Madelina,Kaszper
1/3/2022,y,Loretta,Simmgen
10/25/2021,x,Bonni,Bartalot
12/27/2021,x,Daisi,Reppaport
4/9/2021,y,Shawn,Shah
7/23/2021,x,Mada,Sheasby
10/7/2021,x,Ernestus,Loggie
2/16/2021,x,Emerson,Axleby
6/2/2021,y,Baird,McGaughey
2/24/2021,y,Moshe,Yuryev
8/30/2021,y,Cary,Tarzey
11/29/2021,x,Julie,Tooker
11/6/2021,x,Bar,Tollerton
12/4/2021,y,Linc,Adame
12/21/2021,y,Hynda,Portail
6/4/2021,y,Donny,Barendtsen
11/4/2021,x,Kenna,O'Dogherty
5/2/2021,y,Kelcey,Higgonet
1/17/2022,x,Lars,Elsop
7/23/2021,y,Boycey,Antonioni
10/27/2021,x,Merill,Runciman
7/9/2021,y,Moore,Radeliffe
8/4/2021,y,Gilbert,Michal
8/21/2021,y,Jannelle,Whitcher
7/20/2021,y,Sonnie,Cooch
2/25/2021,y,Dukie,Crispin
2/3/2022,y,Murielle,Rippen
9/20/2021,y,Anton,Ghidoli
1/22/2022,y,Dall,Hockey
1/31/2022,y,Mal,Asty
10/27/2021,x,Harry,Joynt
12/26/2021,x,Kelsey,Kearford
3/10/2021,y,Marja,Letty
4/4/2021,y,Kurt,Seakin
7/19/2021,x,Lynea,Blaw
3/21/2021,y,Pris,Schuricke
9/8/2021,y,Fayre,Gagie
3/11/2021,y,Margit,Syrett
5/28/2021,x,Harwilll,Dulieu
7/16/2021,x,Leonie,Casella
12/17/2021,y,Linette,Reimer
6/20/2021,x,Cristian,Wilson
6/30/2021,x,Anne-marie,Steanson
11/7/2021,x,Antony,Hinemoor
9/6/2021,x,Dillie,Brafield
2/28/2021,x,Benedikt,Cockley
12/27/2021,x,Sarita,Franchyonok
6/21/2021,y,Gertruda,Beartup
12/27/2021,x,Adeline,Lavens
7/22/2021,y,Ciro,Hirschmann
1/28/2022,y,Kele,Lumbers
8/12/2021,y,Starlin,Duckham
1/25/2022,x,Goraud,Gymlett
11/21/2021,y,Shell,Devigne
9/25/2021,x,Rheta,Mingasson
6/7/2021,y,Matthieu,Sutterfield
2/16/2021,x,Arabelle,Heintsch
7/24/2021,y,Bambi,Bartalot
12/14/2021,y,Jeremias,Manhare
5/13/2021,y,Sayre,Barnwill
11/27/2021,x,Lorri,Brimham
1/9/2022,x,Griz,Whetnall
12/2/2021,y,Hank,Galiford
5/16/2021,y,Brnaba,Massingberd
10/14/2021,y,Penelope,Croyden
9/6/2021,y,Friedrich,Woolens
4/10/2021,y,Bonnee,Woodhead
8/10/2021,x,Caleb,Crates
5/29/2021,y,Brian,Karpman
6/1/2021,y,Kearney,Loblie
8/8/2021,y,Obidiah,Gawen
5/6/2021,y,Andrew,Evesque
3/5/2021,x,Padriac,Antoniades
5/28/2021,y,Angelika,Possell
12/20/2021,x,Carl,Turn
12/27/2021,y,Karon,Warrell
4/28/2021,y,Dniren,Excell
11/19/2021,x,Juliann,Lunge
6/3/2021,y,Adolphus,Berthelmot
7/8/2021,x,Gothart,Thecham
1/23/2022,y,Tore,Cartmale
4/27/2021,x,Roman,Jeste
8/21/2021,x,Cassi,Bartod
6/7/2021,x,Tabbi,Kettridge
4/22/2021,y,Renato,Hattersley
7/13/2021,x,Griswold,Calltone
3/17/2021,y,Zea,Kellart
11/20/2021,y,Cathi,Brigstock
3/27/2021,y,Ettore,Causby
12/16/2021,y,Margo,McGenn
5/18/2021,x,Teirtza,Earle
4/14/2021,x,Ralph,O' Loughran
11/15/2021,x,Maura,Jouannin
2/24/2021,y,Bevon,Du Hamel
8/10/2021,y,Malory,Eykelbosch
6/29/2021,y,Lucila,Godfree
11/11/2021,x,Godiva,Bloschke
9/8/2021,y,Michel,Fleischer
8/18/2021,y,Blanch,Lernihan
4/16/2021,x,Granville,Balassa
10/23/2021,x,Delmore,Boyes
10/9/2021,x,Ave,MacGill
7/3/2021,y,Tomasine,Bate
12/10/2021,y,Iolande,Heinemann
6/22/2021,x,Sunshine,Liddy
8/15/2021,x,Brion,Rance
1/23/2022,y,Silvia,Sammons
7/23/2021,x,Dory,Cutill
6/9/2021,x,Tiena,De Antoni
8/29/2021,x,Viola,Feldharker
6/15/2021,y,Jolee,Orvis
11/21/2021,x,Sanson,Dillicate
11/6/2021,y,Adora,Creegan
10/6/2021,x,Junia,Quirke
6/13/2021,x,Schuyler,Boni
6/8/2021,x,Odille,Burchall
9/14/2021,x,Jenelle,Shakshaft
7/15/2021,y,Bonny,Gauson
1/26/2022,x,Bell,Armell
12/3/2021,x,Haskel,Halifax
9/9/2021,y,Lem,Somerscales
12/8/2021,x,Jasper,Chomicz
12/10/2021,y,Lotte,Iacovielli
4/7/2021,y,Tove,Neljes
7/19/2021,y,Cathy,Shimoni
5/28/2021,x,Erma,Maraga
4/4/2021,x,Brent,Skillicorn
2/21/2021,y,Zarla,Swyn
7/7/2021,y,Nathalie,Syers
5/15/2021,x,Viki,Stopford
5/25/2021,x,Thea,Gehring
2/19/2021,x,Freddie,Minto
5/11/2021,x,Teddie,McNay
2/7/2021,y,Hanny,Nockolds
4/10/2021,y,Everard,Coare
6/9/2021,y,Clarissa,Leyfield
10/11/2021,y,Barb,Amaya
9/29/2021,x,Shoshanna,Dallander
12/5/2021,y,Ganny,Cronchey
1/5/2022,x,Quinn,Asey
9/11/2021,x,Lavinia,Commings
12/25/2021,y,Luca,Luparti
4/3/2021,x,Sal,Shirtcliffe
9/21/2021,x,Cleavland,Chidwick
10/23/2021,y,Ilaire,Marfield
7/31/2021,x,Madelyn,Barrett
12/13/2021,x,Coralyn,Alf
2/8/2021,y,Oralee,Skacel
7/3/2021,x,Dalli,Hemms
11/26/2021,y,Arv,Rembaud
2/8/2021,y,Husain,Flode
5/10/2021,y,Verna,Dungee
1/22/2022,y,Kathi,De Mars
4/11/2021,x,Isac,Linthead
10/8/2021,x,Jourdan,Davidovitch
1/8/2022,x,Vevay,Reedman
5/27/2021,y,Kean,Belfelt
7/17/2021,x,Ronny,Dunsmore
12/12/2021,y,Karee,Alvy
7/14/2021,y,Englebert,Ulrik
10/2/2021,y,Jock,Scotland
7/21/2021,x,Huntington,Menary
1/28/2022,y,Lucine,Corbet
9/26/2021,x,Deni,Spaducci
7/12/2021,x,Adara,Matic
2/26/2021,y,Dalton,Dwyer
10/15/2021,y,Robina,Thorneley
8/4/2021,x,Nady,Gallacher
7/19/2021,y,Maurene,Muscott
8/11/2021,y,Caz,MacCarter
8/23/2021,y,Bogey,Atteridge
12/25/2021,y,Esme,Stonhewer
9/10/2021,x,Artie,O'Conor
5/26/2021,x,Pet,Boutellier
1/12/2022,x,Jenn,Andreou
8/7/2021,y,Zerk,Grinnikov
9/8/2021,x,Sansone,Corrett
11/19/2021,x,Valle,Speddin
1/2/2022,x,Zack,Cluatt
2/25/2021,x,Roland,Duly
10/12/2021,y,Krissy,Barr
4/28/2021,x,Howey,Laweles
3/12/2021,y,Egan,Noyes
1/5/2022,y,Karina,Ladbury
10/18/2021,y,Buiron,Tadd
12/5/2021,x,Stormy,Kremer
8/16/2021,y,Libbey,Mathivon
3/17/2021,y,Humbert,Skim
10/1/2021,y,Lynelle,Dirr
5/8/2021,x,Emilia,Dicey
6/1/2021,y,Kaitlynn,Ahmad
6/2/2021,y,Audrye,Onele
6/15/2021,x,Farand,Grund
9/27/2021,y,Catina,Bispo
11/12/2021,y,Prentice,O' Meara
7/28/2021,x,Arv,Woolfoot
3/4/2021,y,Archambault,O'Sculley
5/15/2021,y,Fiann,Midner
2/15/2021,x,Jeremy,Walkowski
9/19/2021,x,Phylys,Gartenfeld
2/10/2021,y,Christoper,Hanway
3/10/2021,y,Joy,Mattiussi
4/24/2021,y,Odell,Reucastle
3/6/2021,y,Lilian,Esparza
12/5/2021,y,Carlina,Rubinchik
4/13/2021,x,Delmore,Abadam
6/7/2021,y,Tybi,Whall
3/4/2021,x,Kermie,Whardley
5/26/2021,x,Major,Ashment
5/18/2021,x,Kasper,Laurentino
3/16/2021,y,Elane,Galtone
1/6/2022,y,Durward,State
11/16/2021,x,Wiatt,Donhardt
10/15/2021,x,Wade,Kenyam
8/8/2021,y,Sigfried,Herrieven
1/15/2022,x,Susanne,Lefley
12/25/2021,x,Brendis,Grimsley
4/22/2021,y,Terrance,Alban
9/17/2021,x,Prent,Ellcock
6/5/2021,x,Mersey,Cutmore
8/27/2021,y,Leah,Billsberry
8/10/2021,y,Mari,Collens
9/27/2021,y,Danila,Penswick
4/12/2021,y,Concordia,Tunney
9/18/2021,y,Kizzie,Klaiser
10/18/2021,x,Ali,Todarello
7/22/2021,x,Ruthie,Kernocke
12/20/2021,x,Nikolas,Escala
10/23/2021,y,Mario,Le Grys
8/28/2021,x,Penny,Plom
9/2/2021,y,Randolph,Dark
5/20/2021,y,Prudence,Inch
3/20/2021,x,Amabelle,Gothrup
5/31/2021,x,Rodolphe,Nealand
7/27/2021,y,Willow,Echallie
1/4/2022,y,Jacklin,Finlater
7/18/2021,x,David,Waddingham
3/24/2021,y,Juditha,Eade
8/17/2021,y,Shurwood,Jeeves
9/22/2021,y,Lotta,Collyer
10/6/2021,y,Wildon,Attwoul
6/20/2021,x,Joete,Eltune
2/11/2021,x,Euphemia,Tallis
9/13/2021,x,Darrin,Spyer
7/29/2021,x,Ricki,Lockless
10/23/2021,x,Layne,Danser
9/14/2021,y,Chan,Marshallsay
5/24/2021,x,Emmit,Midson
4/18/2021,x,Jeddy,Wybron
10/24/2021,y,Alfred,Iowarch
12/8/2021,x,Ring,Brine
1/28/2022,x,Simone,Stoggell
11/10/2021,x,Erinna,Benterman
5/6/2021,x,Blanch,Tatnell
4/10/2021,y,Joanie,Ianne
3/16/2021,y,Charmane,Greensitt
2/19/2021,y,Taffy,Saffin
11/18/2021,y,Paulie,Alu
2/13/2021,y,Ketty,Riden
4/29/2021,x,Patin,Duker
1/27/2022,y,Vilhelmina,Sweed
9/20/2021,x,Martita,Blayd
10/7/2021,y,Jdavie,Godlip
5/5/2021,y,Keefe,Wannell
4/3/2021,y,Charil,McFadden
11/27/2021,x,Granthem,Marlen
7/9/2021,y,Rhodie,Crebott
2/21/2021,y,Patric,Monck
5/22/2021,y,Ermin,Donnison
10/1/2021,x,Lars,Harsnipe
2/5/2022,y,Petronia,Pawley
1/6/2022,y,Miguela,Grut
5/26/2021,x,Trix,Austen
5/30/2021,y,Adlai,Filipson
2/20/2021,x,Mollie,Goddman
2/12/2021,y,Winona,Ablitt
9/23/2021,x,Estella,Leebetter
9/9/2021,y,Diann,Sherwill
3/4/2021,y,Daryl,Powelee
8/29/2021,y,Olenolin,Benito
12/19/2021,y,Angie,Shiel
3/25/2021,y,Obediah,Sollner
12/6/2021,x,Frannie,Goadsby
10/9/2021,x,Billy,Whiting
7/28/2021,x,Jamie,Brezlaw
12/10/2021,x,Reta,Lockie
7/16/2021,y,Maureen,Crallan
2/15/2021,x,Myrta,Kinloch
11/20/2021,x,Chev,Quincee
3/1/2021,x,Myer,Bruggeman
7/28/2021,x,Candice,Coston
9/8/2021,x,Elianora,Kelleher
9/10/2021,y,Lib,Archibold
10/14/2021,x,Ferdy,Cutteridge
12/3/2021,x,Lombard,Rowlatt
2/22/2021,y,Joellen,Brownsword
5/17/2021,x,Gilly,Greste
1/14/2022,y,Jillane,Butte
5/1/2021,y,Balduin,Redmond
12/11/2021,y,Romola,Samsworth
8/28/2021,y,Carolus,Francom
12/28/2021,x,Arel,Rangall
10/8/2021,y,Carolan,Morrallee
6/21/2021,x,Alexa,Kield
3/28/2021,x,Martyn,Summersby
5/19/2021,y,Torre,Dearl
12/6/2021,y,Zena,Hancill
5/12/2021,x,Roosevelt,Scoyne
7/29/2021,x,Pall,Danilovic
10/24/2021,x,Megan,Broddle
12/3/2021,y,Tova,Hedin
2/22/2021,y,Lockwood,Vallow
10/16/2021,x,Torey,Coorington
2/23/2021,y,Dallon,Maleby
3/17/2021,y,Tedda,Criag
5/9/2021,x,Osbert,Pancost
12/12/2021,y,Kellyann,Eberlein
4/5/2021,x,Emilia,Espinel
1/22/2022,y,Tripp,Churchlow
7/27/2021,x,Haskel,Chanter
3/9/2021,y,Rubi,Ayris
10/11/2021,y,Koressa,Oxtarby
11/22/2021,x,Alejandrina,Catlow
4/14/2021,x,Burnard,Keningham
2/16/2021,x,Antonin,Kincade
9/22/2021,y,Lance,De Witt
5/28/2021,y,Colline,Kilfeather
12/28/2021,x,Aleen,Izakov
1/9/2022,x,Frannie,Janoch
7/28/2021,x,Jodi,Cornil
2/16/2021,x,Lidia,Tembridge
10/4/2021,y,Sergio,Bockings
9/10/2021,y,Malena,Stickney
11/27/2021,x,Hilary,Frusher
7/13/2021,y,Janeczka,Pudge
7/25/2021,y,Darcey,Friar
1/24/2022,x,Jeane,Dillinger
2/14/2021,y,Nicolais,Butchart
10/21/2021,x,Ree,Knighton
1/9/2022,y,Miles,Whawell
1/21/2022,y,Kerby,Enterle
2/27/2021,y,Sherye,Colbrun
3/8/2021,y,Chevy,Gudgen
2/26/2021,y,Gibb,Lithgow
4/7/2021,x,Trix,Older
5/23/2021,x,Rochelle,Scroggs
1/30/2022,x,Dagny,Cray
11/23/2021,y,Robby,Farnes
5/26/2021,y,Imelda,Escale
3/22/2021,y,Aryn,Steggals
1/25/2022,x,Addi,Lukas
10/12/2021,y,Daveta,Faulconer
10/5/2021,y,Carey,Durban
4/1/2021,x,Damon,Beddall
4/13/2021,x,Gene,Everly
1/29/2022,x,Saidee,Faltskog
12/13/2021,y,Annnora,Salaman
7/15/2021,y,Haley,Suddell
12/27/2021,y,Klemens,Houtby
6/5/2021,x,Stevie,Bonwell
10/30/2021,x,Shelley,Hadland
1/17/2022,y,Audrey,Safhill
12/26/2021,y,Elisha,Lugton
9/14/2021,x,Binni,Scare
10/26/2021,y,Clementius,Dickenson
6/29/2021,x,Alphonse,Vasler
11/11/2021,y,Lindsy,Rennox
2/5/2022,x,King,Straneo
6/18/2021,y,Quintilla,Bagnell
10/17/2021,x,Clemence,Branney
10/20/2021,y,Brodie,Airdrie
8/4/2021,x,Carlene,Cliff
10/20/2021,x,Ediva,Scimone
3/13/2021,x,Aindrea,McMurty
11/26/2021,x,Gregorio,Dory
8/13/2021,y,Caspar,Fendlow
8/27/2021,y,Claretta,Winkless
1/25/2022,x,Corbet,Doog
8/1/2021,x,Marshall,Battman
3/28/2021,x,Danila,Capineer
7/14/2021,x,Clare,Karadzas
6/18/2021,x,Carole,Pennaman
11/13/2021,x,Melisse,Lydford
1/1/2022,x,Reeta,Jillard
2/19/2021,x,Lurleen,Mobberley
2/8/2021,x,Ashien,Deakan
1/22/2022,x,Ulrica,Rubinowitch
7/9/2021,y,Egan,Twell
9/7/2021,y,Carole,Ricardo
11/6/2021,x,Huntlee,McKeighan
11/16/2021,x,Betsey,Barkhouse
12/19/2021,y,Ivie,Relph
10/29/2021,y,Othilia,Warstall
4/25/2021,y,Wylie,Hatherley
6/26/2021,y,Harlen,Dusting
2/22/2021,x,Nert,Isham
3/28/2021,x,Gabrielle,Dorin
1/5/2022,y,Urson,Critoph
6/24/2021,x,Elissa,Seawell
8/22/2021,x,Beryl,Matevushev
6/6/2021,y,Roley,Fuente
9/15/2021,x,Gage,Sapson
12/18/2021,x,Nerte,Mellenby
1/7/2022,y,Annadiane,Margetson
2/1/2022,y,Krishnah,Circuitt
6/16/2021,y,Jephthah,Pennycook
3/19/2021,y,Melita,Wodham
9/21/2021,y,Binky,Brigg
6/26/2021,y,Harwell,Murrill
3/2/2021,y,Kurt,Crotty
10/18/2021,x,Hildy,Dalzell
4/24/2021,x,Yvette,Papa
8/12/2021,x,Randall,Meaking
9/23/2021,x,Avigdor,Baff
11/25/2021,x,Binni,Poge
4/8/2021,x,Garold,Pogson
10/29/2021,y,Elroy,Bolver
5/15/2021,y,Bank,Josephsen
10/30/2021,y,Elvin,Wais
2/14/2021,y,Holly-anne,Skym
4/6/2021,y,Izzy,Toomey
4/19/2021,x,Frankie,Rentenbeck
5/22/2021,x,Davidde,D'Avaux
10/3/2021,x,Genny,Midlar
6/9/2021,x,Linus,Yurmanovev
10/9/2021,y,Hinda,Camilio
7/30/2021,y,West,Cawston
12/2/2021,y,Mirelle,Stone Fewings
6/13/2021,y,June,Strooband
10/4/2021,x,Timothea,Navaro
2/14/2021,y,Nari,Warrilow
10/27/2021,x,Sheelagh,Blackley
4/13/2021,x,Wain,Serrurier
12/21/2021,x,Zebedee,Beaven
1/10/2022,x,Heidi,Brithman
7/28/2021,y,Adair,Truman
6/6/2021,y,Gearalt,Showte
3/1/2021,y,Damiano,Petracek
4/14/2021,y,Sindee,Pavlitschek
5/4/2021,y,Wilt,Upstone
1/20/2022,y,Byrle,Espley
12/13/2021,y,Kristoffer,Zimmerman
11/12/2021,x,Jaimie,Banstead
11/19/2021,x,Ancell,Cobelli
11/27/2021,x,Tonia,Grimsdith
7/27/2021,x,Caria,Pidgeon
3/14/2021,y,Magdalen,Cutcliffe
12/11/2021,y,Kathleen,Nelsey
10/29/2021,y,Auberon,Beeching
7/11/2021,x,Pammy,Lamerton
1/5/2022,x,Budd,Poulsom
9/9/2021,y,Gardner,Sieghart
3/24/2021,x,Dietrich,Spowage
3/16/2021,y,Tallie,Malby
5/12/2021,x,Electra,Larose
10/25/2021,x,Derrik,Valder
10/9/2021,x,Keir,Dollimore
5/27/2021,x,Massimo,Warwick
3/22/2021,y,Rosella,Belderfield
11/28/2021,x,Ulberto,Tyzack
1/9/2022,y,Gretta,Echlin
12/27/2021,y,Carree,Larrett
10/17/2021,y,Fleming,Norree
11/22/2021,x,Kip,Hourigan
4/21/2021,x,Kipp,Keighley
3/15/2021,x,Solly,Harner
6/17/2021,x,Madelin,Penvarden
7/15/2021,y,Rawley,Giannassi
9/10/2021,y,Garner,Sebring
